-- phpMyAdmin SQL Dump
-- version 5.0.2
-- https://www.phpmyadmin.net/
--
-- Host: 127.0.0.1
-- Generation Time: Sep 07, 2020 at 01:41 PM
-- Server version: 10.4.13-MariaDB
-- PHP Version: 7.2.32

SET SQL_MODE = "NO_AUTO_VALUE_ON_ZERO";
START TRANSACTION;
SET time_zone = "+00:00";


/*!40101 SET @OLD_CHARACTER_SET_CLIENT=@@CHARACTER_SET_CLIENT */;
/*!40101 SET @OLD_CHARACTER_SET_RESULTS=@@CHARACTER_SET_RESULTS */;
/*!40101 SET @OLD_COLLATION_CONNECTION=@@COLLATION_CONNECTION */;
/*!40101 SET NAMES utf8mb4 */;

--
-- Database: `online_shop`
--

-- --------------------------------------------------------

--
-- Table structure for table `category`
--

CREATE TABLE `category` (
  `category_id` int(11) NOT NULL,
  `category_name` varchar(100) NOT NULL,
  `category_created_at` datetime NOT NULL,
  `category_updated_at` datetime NOT NULL,
  `category_status` int(1) NOT NULL
) ENGINE=InnoDB DEFAULT CHARSET=utf8mb4;

--
-- Dumping data for table `category`
--

INSERT INTO `category` (`category_id`, `category_name`, `category_created_at`, `category_updated_at`, `category_status`) VALUES
(1, 'Food', '2020-08-12 06:41:36', '2020-08-12 06:41:36', 1),
(2, 'Drink', '2020-08-12 06:42:12', '2020-08-12 06:42:12', 1),
(9, 'Beverage', '2020-08-18 12:29:25', '0000-00-00 00:00:00', 1),
(10, 'Beverage', '2020-08-19 12:44:41', '0000-00-00 00:00:00', 1),
(13, 'Dessert', '2020-09-06 13:30:08', '0000-00-00 00:00:00', 1),
(14, 'Snack', '2020-09-06 13:41:22', '0000-00-00 00:00:00', 1),
(15, 'Snack', '2020-09-06 13:42:15', '0000-00-00 00:00:00', 1),
(16, 'Snack', '2020-09-06 13:44:48', '0000-00-00 00:00:00', 1);

-- --------------------------------------------------------

--
-- Table structure for table `history`
--

CREATE TABLE `history` (
  `history_id` int(11) NOT NULL,
  `history_invoices` int(11) NOT NULL,
  `history_subtotal` int(11) NOT NULL,
  `history_created_at` datetime NOT NULL
) ENGINE=InnoDB DEFAULT CHARSET=utf8mb4;

--
-- Dumping data for table `history`
--

INSERT INTO `history` (`history_id`, `history_invoices`, `history_subtotal`, `history_created_at`) VALUES
(11, 1022692374, 0, '2020-08-15 10:28:43'),
(12, 1886484502, 0, '2020-08-15 10:35:31'),
(13, 1977577293, 0, '2020-08-15 11:05:51'),
(193, 1758447279, 0, '2020-08-16 05:19:01'),
(194, 1790671876, 0, '2020-08-16 05:22:21'),
(195, 1851373609, 0, '2020-08-16 05:22:56'),
(196, 1306687734, 0, '2020-08-16 07:03:44'),
(197, 1446804373, 0, '2020-08-16 07:04:39'),
(198, 1721775212, 0, '2020-08-16 07:49:48'),
(199, 1701617433, 0, '2020-08-16 07:50:00'),
(200, 1774704510, 0, '2020-08-16 07:50:24'),
(201, 1326651358, 0, '2020-08-16 07:50:38'),
(202, 1874556323, 0, '2020-08-16 07:51:32'),
(203, 1001433538, 0, '2020-08-16 07:53:40'),
(204, 1457759409, 0, '2020-08-16 07:54:12'),
(205, 1232027702, 0, '2020-08-16 07:55:07'),
(206, 1364297010, 0, '2020-08-16 07:56:19'),
(207, 1218950021, 0, '2020-08-16 07:56:56'),
(208, 1326754255, 0, '2020-08-16 07:57:09'),
(209, 1902202205, 0, '2020-08-16 07:58:01'),
(210, 1714152029, 0, '2020-08-16 07:58:18'),
(211, 1249600371, 0, '2020-08-16 07:59:12'),
(212, 1404590557, 0, '2020-08-16 07:59:49'),
(213, 1104025204, 0, '2020-08-16 08:00:35'),
(214, 1006722853, 0, '2020-08-16 08:01:33'),
(215, 1071179060, 0, '2020-08-16 08:03:13'),
(216, 1695013284, 0, '2020-08-16 08:05:31'),
(217, 1337348598, 0, '2020-08-16 08:06:49'),
(218, 1668057870, 0, '2020-08-16 08:18:51'),
(219, 1111961001, 0, '2020-08-16 08:19:30'),
(220, 1360945896, 0, '2020-08-16 08:21:37'),
(221, 1124318682, 0, '2020-08-16 08:25:15'),
(222, 1858192354, 0, '2020-08-16 08:27:32'),
(223, 1597747156, 0, '2020-08-16 08:32:08'),
(224, 1366415993, 0, '2020-08-16 08:32:35'),
(225, 1116617195, 0, '2020-08-16 08:49:57'),
(226, 1379543135, 0, '2020-08-16 08:50:20'),
(227, 1926973422, 0, '2020-08-16 08:50:35'),
(228, 1955389850, 0, '2020-08-16 08:50:56'),
(229, 1973976312, 0, '2020-08-16 08:51:51'),
(230, 1778734641, 0, '2020-08-16 08:52:23'),
(231, 1721525287, 0, '2020-08-16 08:52:42'),
(232, 1632676688, 0, '2020-08-16 08:53:39'),
(233, 1548366623, 0, '2020-08-16 09:29:50'),
(234, 1680612972, 0, '2020-08-16 09:32:37'),
(235, 1215116654, 0, '2020-08-16 09:32:48'),
(236, 1643054952, 0, '2020-08-16 09:33:49'),
(237, 1573550099, 0, '2020-08-16 09:34:02'),
(238, 1923760632, 0, '2020-08-16 09:34:18'),
(239, 1418388915, 0, '2020-08-16 09:37:19'),
(240, 1922372278, 0, '2020-08-16 09:37:46'),
(241, 1312917178, 0, '2020-08-16 10:04:23'),
(242, 1865162840, 0, '2020-08-16 10:05:17'),
(243, 1327777330, 0, '2020-08-16 10:06:21'),
(244, 1598192246, 0, '2020-08-16 10:06:43'),
(245, 1772061858, 0, '2020-08-16 10:07:31'),
(246, 1401450040, 0, '2020-08-16 10:08:02'),
(247, 1328001549, 0, '2020-08-16 10:09:36'),
(248, 1432756225, 0, '2020-08-16 10:12:49'),
(249, 1247436425, 0, '2020-08-16 10:13:33'),
(250, 1780241820, 0, '2020-08-16 10:13:50'),
(251, 1059913928, 0, '2020-08-16 10:14:01'),
(252, 1965132396, 0, '2020-08-16 10:14:21'),
(253, 1448667415, 0, '2020-08-16 10:15:44'),
(254, 1572793528, 0, '2020-08-16 10:18:50'),
(255, 1812849972, 0, '2020-08-16 10:19:23'),
(256, 1258909833, 0, '2020-08-16 10:20:04'),
(257, 1424523584, 0, '2020-08-16 10:21:04'),
(258, 1289928871, 0, '2020-08-16 10:22:48'),
(259, 1548646426, 0, '2020-08-16 10:23:53'),
(260, 1947590291, 0, '2020-08-16 10:25:02'),
(261, 1084661742, 0, '2020-08-16 10:26:18'),
(262, 1797087791, 0, '2020-08-16 10:26:51'),
(263, 1205943434, 0, '2020-08-16 10:29:19'),
(264, 1336803450, 0, '2020-08-16 10:29:33'),
(265, 1869468528, 0, '2020-08-16 10:31:45'),
(266, 1602060231, 0, '2020-08-16 10:34:21'),
(267, 1403148494, 0, '2020-08-16 10:34:57'),
(268, 1761057938, 0, '2020-08-16 10:38:30'),
(269, 1135423029, 0, '2020-08-16 10:40:01'),
(270, 1341778977, 0, '2020-08-16 10:40:20'),
(271, 1570198982, 0, '2020-08-16 10:42:17'),
(272, 1074399550, 0, '2020-08-16 10:43:42'),
(273, 1585788122, 0, '2020-08-16 10:48:10'),
(274, 1084464078, 0, '2020-08-16 11:00:00'),
(275, 1075869724, 0, '2020-08-16 11:00:24'),
(276, 1157827224, 0, '2020-08-16 11:00:51'),
(277, 1720970631, 0, '2020-08-16 11:01:42'),
(278, 1191227252, 0, '2020-08-16 11:02:55'),
(279, 1079791067, 0, '2020-08-16 11:03:54'),
(280, 1671939652, 0, '2020-08-16 11:05:03'),
(281, 1528811293, 0, '2020-08-16 11:05:14'),
(282, 1062495856, 0, '2020-08-16 11:08:41'),
(283, 1132658390, 0, '2020-08-16 11:09:24'),
(284, 1098392401, 0, '2020-08-16 11:09:41'),
(285, 1613992391, 0, '2020-08-16 11:17:40'),
(286, 1138004903, 0, '2020-08-16 11:21:20'),
(287, 1371283926, 94600, '2020-08-16 11:21:55'),
(288, 1816608052, 94600, '2020-08-16 11:22:03'),
(289, 1970769821, 94600, '2020-08-16 11:37:22'),
(290, 1214857758, 94600, '2020-08-16 11:40:43'),
(291, 1405458167, 94600, '2020-08-16 11:41:58'),
(292, 1109412755, 94600, '2020-08-16 11:42:21'),
(293, 1437283278, 94600, '2020-08-16 11:42:49'),
(294, 1943564988, 94600, '2020-08-16 11:43:12'),
(295, 1585922791, 94600, '2020-08-16 11:43:31'),
(296, 1772180582, 94600, '2020-08-16 11:44:27'),
(297, 1229382660, 94600, '2020-08-16 11:45:09'),
(298, 1169367523, 94600, '2020-08-16 11:45:24'),
(299, 1483769773, 94600, '2020-08-16 11:45:38'),
(300, 1482941382, 94600, '2020-08-16 11:52:36'),
(301, 1264199162, 94600, '2020-08-16 11:56:22'),
(302, 1444375786, 94600, '2020-08-16 11:58:02'),
(303, 1064704545, 94600, '2020-08-16 11:58:13'),
(304, 1514477070, 94600, '2020-08-16 11:58:32'),
(305, 1334521824, 94600, '2020-08-16 11:59:11'),
(306, 1774363301, 94600, '2020-08-16 11:59:29'),
(307, 1393913398, 94600, '2020-08-16 12:00:22'),
(308, 1355636775, 94600, '2020-08-16 12:01:10'),
(309, 1807623564, 94600, '2020-08-16 12:03:40'),
(310, 1910794492, 94600, '2020-08-16 12:03:58'),
(311, 1286403963, 94600, '2020-08-16 12:04:34'),
(312, 1274818963, 94600, '2020-08-16 12:05:15'),
(313, 1707334174, 94600, '2020-08-16 12:05:42'),
(314, 1747520138, 94600, '2020-08-16 12:07:14'),
(315, 1387363400, 94600, '2020-08-16 12:08:17'),
(316, 1678599556, 94600, '2020-08-16 12:08:35'),
(317, 1098116661, 94600, '2020-08-16 12:09:02'),
(318, 1375456648, 94600, '2020-08-16 12:09:36'),
(319, 1188751170, 94600, '2020-08-16 12:12:55'),
(320, 1066966945, 94600, '2020-08-16 12:14:15'),
(321, 1956816363, 94600, '2020-08-16 12:16:53'),
(322, 1237035960, 94600, '2020-08-16 12:41:26'),
(323, 1130114334, 94600, '2020-08-16 12:42:03'),
(324, 1475134553, 94600, '2020-08-16 12:42:28'),
(325, 1698620018, 94600, '2020-08-16 12:43:14'),
(326, 1220822320, 94600, '2020-08-16 12:44:41'),
(327, 1473077730, 94600, '2020-08-16 12:45:16'),
(328, 1847419437, 94600, '2020-08-16 12:46:34'),
(329, 1498517743, 94600, '2020-08-16 12:47:29'),
(330, 1381428887, 0, '2020-08-16 13:06:10'),
(331, 1984125941, 0, '2020-08-16 13:06:44'),
(332, 1852291604, 0, '2020-08-16 13:07:22'),
(333, 1540767623, 0, '2020-08-16 13:07:36'),
(334, 1239351450, 0, '2020-08-16 13:07:47'),
(335, 1024934159, 94600, '2020-08-16 13:10:53'),
(336, 1763853438, 94600, '2020-08-16 13:11:13'),
(337, 1103041348, 0, '2020-08-16 13:13:47'),
(338, 1332951326, 0, '2020-08-16 13:17:23'),
(339, 1525962920, 0, '2020-08-16 13:18:41'),
(340, 1515409565, 94600, '2020-08-16 13:23:16'),
(341, 1307486880, 0, '2020-08-16 13:57:31'),
(342, 1925116338, 0, '2020-08-16 13:58:17'),
(343, 1119936491, 0, '2020-08-16 13:58:27'),
(344, 1782327783, 0, '2020-08-16 13:58:45'),
(345, 1086935220, 0, '2020-08-16 13:59:55'),
(346, 1962935940, 0, '2020-08-16 14:00:23'),
(347, 1238149600, 0, '2020-08-16 14:01:59'),
(348, 1071774798, 0, '2020-08-16 14:02:59'),
(349, 1794390179, 0, '2020-08-16 14:03:40'),
(350, 1140409043, 0, '2020-08-16 14:05:58'),
(351, 1407852352, 0, '2020-08-16 14:07:20'),
(352, 1095174227, 0, '2020-08-16 14:08:04'),
(353, 1674340453, 0, '2020-08-16 14:09:56'),
(354, 1738568699, 0, '2020-08-16 14:10:05'),
(355, 1371229883, 0, '2020-08-16 14:10:45'),
(356, 1440238732, 0, '2020-08-16 14:12:15'),
(357, 1966591856, 0, '2020-08-16 14:14:47'),
(358, 1041943621, 0, '2020-08-16 14:15:04'),
(359, 1481362772, 94600, '2020-08-16 14:44:33'),
(360, 1861330232, 94600, '2020-08-16 14:45:08'),
(361, 1913656653, 0, '2020-08-16 14:47:28'),
(362, 1734164119, 0, '2020-08-16 14:47:47'),
(363, 1231515008, 0, '2020-08-16 14:48:13'),
(364, 1506204771, 0, '2020-08-16 14:48:35'),
(365, 1382071900, 0, '2020-08-16 14:49:38'),
(366, 1186040613, 0, '2020-08-16 14:50:07'),
(367, 1133291131, 0, '2020-08-16 14:50:54'),
(368, 1792720871, 0, '2020-08-16 14:53:59'),
(369, 1777373110, 0, '2020-08-16 15:02:09'),
(370, 1838714608, 0, '2020-08-16 15:02:33'),
(371, 1215131241, 0, '2020-08-16 15:05:54'),
(372, 1223877184, 0, '2020-08-16 15:06:40'),
(373, 1291409508, 0, '2020-08-16 15:12:55'),
(374, 1137130738, 0, '2020-08-16 15:13:19'),
(375, 1724019995, 0, '2020-08-16 15:13:34'),
(376, 1321079912, 0, '2020-08-16 15:13:55'),
(377, 1148791042, 0, '2020-08-16 15:14:44'),
(378, 1668692182, 0, '2020-08-16 15:21:00'),
(379, 1892848880, 0, '2020-08-16 15:21:30'),
(380, 1156142310, 0, '2020-08-16 15:37:05'),
(381, 1584868661, 0, '2020-08-16 15:37:57'),
(382, 1293586245, 94600, '2020-08-16 15:44:14'),
(383, 1008295252, 94600, '2020-08-16 15:45:23'),
(384, 1382192898, 94600, '2020-08-16 15:46:31'),
(385, 1191989107, 94600, '2020-08-16 15:49:37'),
(386, 1424365935, 94600, '2020-08-16 15:49:54'),
(387, 1093618643, 94600, '2020-08-16 15:50:24'),
(388, 1680559863, 94600, '2020-08-16 15:52:37'),
(389, 1717932862, 94600, '2020-08-16 16:00:41'),
(390, 1639347369, 94600, '2020-08-16 16:14:14'),
(391, 1785733601, 94600, '2020-08-16 16:15:26'),
(392, 1613864398, 94600, '2020-08-16 16:16:07'),
(393, 1761801089, 94600, '2020-08-16 16:16:41'),
(394, 1099494733, 94600, '2020-08-16 16:16:55'),
(395, 1156535376, 94600, '2020-08-16 16:30:59'),
(396, 1615981831, 94600, '2020-08-16 16:31:13'),
(397, 1722757813, 94600, '2020-08-16 16:31:34'),
(398, 1028267783, 94600, '2020-08-16 16:31:50'),
(399, 1435180656, 94600, '2020-08-16 16:32:11'),
(400, 1686218762, 94600, '2020-08-16 16:38:13'),
(401, 1051481498, 94600, '2020-08-16 16:38:58'),
(402, 1625245594, 94600, '2020-08-16 16:45:43'),
(403, 1163374213, 94600, '2020-08-16 16:47:02'),
(404, 1572917611, 94600, '2020-08-16 16:50:34'),
(405, 1412808858, 94600, '2020-08-16 16:52:51'),
(406, 1851638959, 94600, '2020-08-16 16:53:22'),
(407, 1053568841, 94600, '2020-08-16 16:54:00'),
(408, 1865330675, 94600, '2020-08-16 16:55:37'),
(409, 1221340401, 94600, '2020-08-16 16:56:38'),
(410, 1989318699, 94600, '2020-08-16 16:58:20'),
(411, 1790281241, 94600, '2020-08-16 16:58:48'),
(412, 1511912263, 94600, '2020-08-16 16:59:06'),
(413, 1534362190, 94600, '2020-08-16 17:00:11'),
(414, 1941603857, 130900, '2020-08-16 17:00:43'),
(415, 1300539805, 130900, '2020-08-17 06:47:00'),
(416, 1177244409, 0, '2020-08-17 07:00:20'),
(417, 1337734994, 0, '2020-08-17 07:02:17'),
(418, 1638787649, 130900, '2020-08-17 07:02:31'),
(419, 1469844049, 130900, '2020-08-17 07:03:52'),
(420, 1682213718, 130900, '2020-08-17 07:05:21'),
(421, 1834422377, 130900, '2020-08-17 07:26:48'),
(422, 1346716447, 130900, '2020-08-17 10:14:40'),
(423, 1413064933, 144100, '2020-08-18 02:59:26'),
(424, 1265083883, 144100, '2020-08-18 03:06:15'),
(425, 1803379021, 144100, '2020-08-18 07:25:34'),
(426, 1992115517, 144100, '2020-08-18 09:28:30'),
(427, 1775053452, 144100, '2020-08-18 11:03:18'),
(428, 1512602170, 144100, '2020-08-18 11:13:42'),
(429, 1625297959, 144100, '2020-08-18 11:16:06'),
(430, 1400727193, 144100, '2020-08-18 11:31:41'),
(431, 1727722295, 144100, '2020-08-18 11:32:51'),
(432, 1569141120, 144100, '2020-08-18 11:33:25'),
(433, 1733430684, 144100, '2020-08-18 11:34:05'),
(434, 1332522850, 144100, '2020-08-18 12:50:22'),
(435, 1105102020, 144100, '2020-08-18 12:52:50'),
(436, 1618101710, 144100, '2020-08-18 12:53:54'),
(437, 1111115240, 144100, '2020-08-18 12:59:23'),
(438, 1333966449, 111100, '2020-08-18 12:59:46'),
(439, 1497138763, 144100, '2020-08-18 12:59:52'),
(440, 1022163651, 111100, '2020-08-18 13:00:02'),
(441, 1847530007, 144100, '2020-08-18 13:00:36'),
(442, 1464962523, 0, '2020-08-19 05:36:53'),
(443, 1504774582, 144100, '2020-08-19 05:37:51'),
(444, 1270301901, 0, '2020-08-19 05:40:31'),
(445, 1829270835, 0, '2020-08-19 05:40:50'),
(446, 1241234193, 0, '2020-08-19 05:41:07'),
(447, 1629238732, 0, '2020-08-27 12:51:51'),
(448, 1955119009, 0, '2020-08-27 13:17:22'),
(449, 1530313681, 236500, '2020-08-27 13:21:39'),
(450, 1717863744, 203500, '2020-08-27 13:26:35'),
(451, 1694360379, 198000, '2020-08-27 13:30:11'),
(452, 1738440979, 165000, '2020-08-27 13:57:55'),
(453, 1824689313, 225500, '2020-08-27 14:05:59'),
(454, 1228150645, 93500, '2020-08-27 14:15:33'),
(455, 1517599395, 399300, '2020-08-27 14:22:12'),
(456, 1953389798, 198000, '2020-08-27 14:41:07'),
(457, 1261623644, 209000, '2020-08-27 14:42:28'),
(458, 1452845545, 71500, '2020-08-27 14:43:41'),
(459, 1339213419, 77000, '2020-08-27 14:49:30'),
(460, 1674495761, 99000, '2020-08-27 14:50:36'),
(461, 1102963075, 82500, '2020-08-27 14:56:20'),
(462, 1678093446, 342100, '2020-08-27 15:01:51'),
(463, 1113788326, 247500, '2020-08-27 15:33:26'),
(464, 1023162449, 71500, '2020-08-27 16:01:02'),
(465, 1193578024, 66000, '2020-08-27 16:05:36'),
(466, 1427172940, 11000, '2020-08-27 16:21:26'),
(467, 1629910825, 66000, '2020-08-27 16:23:05'),
(468, 1758193857, 66000, '2020-08-27 16:23:52'),
(469, 1839404667, 302500, '2020-08-27 17:48:49'),
(470, 1781398756, 381700, '2020-08-27 18:36:04'),
(471, 1367481857, 77000, '2020-08-27 20:48:36'),
(472, 1608847920, 459800, '2020-08-28 06:41:34'),
(473, 1158129355, 144100, '2020-08-28 06:42:15'),
(474, 1567093970, 291500, '2020-08-28 07:23:24'),
(475, 1969258869, 242000, '2020-08-28 11:16:48'),
(476, 1380074552, 82500, '2020-08-29 06:08:42'),
(477, 1570535500, 371800, '2020-08-29 08:53:48'),
(478, 1584750401, 58300, '2020-08-29 09:00:31'),
(479, 1656036941, 369600, '2020-08-29 19:10:29'),
(480, 1320537537, 280500, '2020-08-30 04:19:02'),
(481, 1093353070, 589600, '2020-08-30 04:49:23'),
(482, 1236800675, 330000, '2020-08-30 05:15:44'),
(483, 1224167202, 352000, '2020-08-31 02:53:02'),
(484, 1777067018, 623700, '2020-08-31 05:05:27'),
(485, 1720010138, 187000, '2020-08-31 10:54:24'),
(486, 1180423416, 11000, '2020-08-31 10:59:32'),
(487, 1354410379, 359700, '2020-09-01 03:22:15'),
(488, 1952350228, 564300, '2020-09-01 03:23:04'),
(489, 1902465380, 369600, '2020-09-01 03:23:17'),
(490, 1975122763, 286000, '2020-09-01 08:35:54'),
(491, 1931658861, 316800, '2020-09-02 02:33:59'),
(492, 1822316834, 247500, '2020-09-02 05:35:14'),
(493, 1472471781, 1039500, '2020-09-02 05:36:07'),
(494, 1525819112, 144100, '2020-09-04 11:36:52'),
(495, 1562029618, 187000, '2020-09-05 15:36:07'),
(496, 1792798304, 144100, '2020-09-06 11:57:44'),
(497, 1493394160, 144100, '2020-09-07 06:31:19'),
(498, 1193602730, 144100, '2020-09-07 07:32:28');

-- --------------------------------------------------------

--
-- Table structure for table `product`
--

CREATE TABLE `product` (
  `product_id` int(11) NOT NULL,
  `category_id` int(11) NOT NULL,
  `product_name` varchar(100) NOT NULL,
  `product_price` int(11) NOT NULL,
  `product_picture` varchar(100) NOT NULL,
  `product_created_at` datetime NOT NULL,
  `product_updated_at` datetime NOT NULL,
  `product_status` int(1) NOT NULL
) ENGINE=InnoDB DEFAULT CHARSET=utf8mb4;

--
-- Dumping data for table `product`
--

INSERT INTO `product` (`product_id`, `category_id`, `product_name`, `product_price`, `product_picture`, `product_created_at`, `product_updated_at`, `product_status`) VALUES
(1, 1, 'Black Forest', 30000, 'gambar/12.jpg', '2020-08-12 05:27:52', '2020-08-12 05:27:52', 1),
(2, 2, 'Cappucino', 5000, 'gambar/9.jpg', '2020-08-12 05:29:23', '2020-08-12 05:29:23', 1),
(3, 2, 'Red Velvet', 33000, 'gambar 21', '2020-08-12 05:30:19', '2020-09-05 15:59:06', 1),
(4, 1, 'Choco Rhum', 28000, 'gambar/11.jpg', '2020-08-12 05:31:40', '2020-08-12 05:31:40', 1),
(5, 2, 'Cofee Latte', 15000, 'gambar/8.jpg', '2020-08-12 05:33:12', '2020-08-12 05:33:12', 1),
(6, 2, 'Espresso', 10000, 'gambar/7.jpg', '2020-08-12 05:34:07', '2020-08-12 05:34:07', 1),
(7, 1, 'Chicken Katsu Dabu-dabu', 60000, 'gambar/21', '2020-08-12 05:34:55', '2020-09-02 08:21:02', 1),
(8, 1, 'Salmon Truffle Teriyaki', 60000, 'gambar/14.jpg', '2020-08-12 05:35:43', '2020-08-12 05:35:43', 1),
(9, 1, 'Wiener Schnitzel', 69000, 'gambar/15.jpg', '2020-08-12 05:36:42', '2020-08-12 05:36:42', 1),
(28, 2, 'Coca-cola', 8000, 'gambar/90', '2020-08-18 12:22:23', '0000-00-00 00:00:00', 1),
(29, 2, 'Coca-cola', 8000, 'gambar/90', '2020-08-21 15:31:38', '0000-00-00 00:00:00', 1),
(30, 1, 'Smoke Beef', 3500, 'smoke beef pics', '2020-08-21 15:47:49', '2020-08-26 09:11:06', 1),
(31, 1, 'Pizza', 90000, 'Pizza picture', '2020-08-21 16:02:40', '2020-08-24 21:17:19', 1),
(32, 1, 'nasi padang', 20000, 'product/6', '2020-08-21 16:12:24', '2020-08-23 14:49:09', 1),
(34, 1, 'bakso', 90000, 'gambar/200', '2020-08-22 09:19:52', '2020-08-23 08:17:32', 1),
(35, 1, 'nasi goreng', 20000, 'gambar/95', '2020-08-23 08:04:00', '0000-00-00 00:00:00', 1),
(36, 2, 'Es Cendol', 9000, 'Cendol Picture', '2020-08-23 14:48:19', '2020-08-29 19:30:57', 1),
(37, 1, 'makaroni', 3000, 'picture 95', '2020-08-24 05:54:58', '0000-00-00 00:00:00', 1),
(38, 1, 'Sate Ayam', 20000, 'pictures sate', '2020-08-24 07:18:31', '2020-08-31 13:04:47', 1),
(39, 1, 'Makaroni Skotel', 20000, 'picture 200', '2020-08-25 09:14:41', '0000-00-00 00:00:00', 1),
(41, 1, 'Pisang Goreng', 5000, 'pisang picture', '2020-08-29 09:12:18', '0000-00-00 00:00:00', 1),
(42, 2, 'Coffee Luwak', 50000, 'Luwak Picture', '2020-08-29 19:12:12', '0000-00-00 00:00:00', 1),
(44, 1, 'ddd', 222, '', '2020-08-31 18:45:19', '2020-09-05 16:03:44', 1),
(45, 1, 'bbb', 222, '', '2020-08-31 18:46:42', '2020-09-05 16:14:14', 1),
(46, 1, 'makaroni skotel', 5000, '2020-09-04T03-23-28.774Z-ee5e1ae7d60ad6fef8dc43f90c5b8ded.jpg', '2020-09-01 15:28:35', '2020-09-04 10:23:29', 1),
(47, 1, 'bawang', 2222, '2020-09-01T08-32-39.019Z-1.jpg', '2020-09-01 15:32:39', '0000-00-00 00:00:00', 1),
(48, 1, 'cabe rawit', 5000, '', '2020-09-01 15:34:12', '2020-09-05 15:54:05', 1),
(49, 1, 'bawang', 2222, '2020-09-02T10-16-18.779Z-1.jpg', '2020-09-02 17:16:19', '0000-00-00 00:00:00', 1),
(50, 1, 'bawang', 2222, '2020-09-03T01-16-51.505Z-1.jpg', '2020-09-03 08:16:51', '0000-00-00 00:00:00', 1),
(53, 1, 'cabe', 60000, '2020-09-04T02-33-11.466Z-8c89e3ceb60dfd647c9003c259a420fd.jpg', '2020-09-04 09:25:20', '2020-09-04 09:33:12', 1),
(55, 1, 'makaroni skotel', 5000, '2020-09-04T09-55-50.842Z-7c5fedfe02a145c9059d73aa856bc8fe.jpg', '2020-09-04 16:54:11', '2020-09-04 16:55:50', 1),
(56, 1, 'cappucino', 2222, '2020-09-04T10-16-41.774Z-c3ff09d560fbb473880d8f65f7a0e284.jpg', '2020-09-04 17:16:41', '0000-00-00 00:00:00', 1);

-- --------------------------------------------------------

--
-- Table structure for table `purchase`
--

CREATE TABLE `purchase` (
  `purchase_id` int(11) NOT NULL,
  `history_id` int(11) NOT NULL,
  `product_id` int(11) NOT NULL,
  `purchase_qty` int(11) NOT NULL,
  `purchase_total` int(11) NOT NULL
) ENGINE=InnoDB DEFAULT CHARSET=utf8mb4;

--
-- Dumping data for table `purchase`
--

INSERT INTO `purchase` (`purchase_id`, `history_id`, `product_id`, `purchase_qty`, `purchase_total`) VALUES
(86, 115, 1, 1, 33000),
(87, 115, 4, 2, 61600),
(89, 116, 4, 2, 61600),
(227, 193, 1, 1, 33000),
(228, 193, 4, 2, 61600),
(229, 194, 1, 1, 33000),
(230, 194, 4, 2, 61600),
(231, 195, 1, 1, 33000),
(232, 195, 4, 2, 61600),
(233, 206, 1, 1, 33000),
(234, 206, 4, 2, 61600),
(235, 207, 1, 1, 33000),
(236, 207, 4, 2, 61600),
(237, 208, 1, 1, 33000),
(238, 208, 4, 2, 61600),
(239, 209, 1, 1, 33000),
(240, 209, 4, 2, 61600),
(241, 210, 1, 1, 33000),
(242, 210, 4, 2, 61600),
(243, 211, 1, 1, 33000),
(244, 211, 4, 2, 61600),
(245, 212, 1, 1, 33000),
(246, 212, 4, 2, 61600),
(247, 213, 1, 1, 33000),
(248, 213, 4, 2, 61600),
(249, 214, 1, 1, 33000),
(250, 214, 4, 2, 61600),
(251, 215, 1, 1, 33000),
(252, 215, 4, 2, 61600),
(253, 216, 1, 1, 33000),
(254, 216, 4, 2, 61600),
(255, 217, 1, 1, 33000),
(256, 217, 4, 2, 61600),
(257, 218, 1, 1, 33000),
(258, 218, 4, 2, 61600),
(259, 219, 1, 1, 33000),
(260, 219, 4, 2, 61600),
(261, 220, 1, 1, 33000),
(262, 220, 4, 2, 61600),
(263, 221, 1, 1, 33000),
(264, 221, 4, 2, 61600),
(265, 222, 1, 1, 33000),
(266, 222, 4, 2, 61600),
(267, 223, 1, 1, 33000),
(268, 223, 4, 2, 61600),
(269, 224, 1, 1, 33000),
(270, 224, 4, 2, 61600),
(271, 225, 1, 1, 33000),
(272, 225, 4, 2, 61600),
(273, 226, 1, 1, 33000),
(274, 226, 4, 2, 61600),
(275, 227, 1, 1, 33000),
(276, 227, 4, 2, 61600),
(277, 228, 1, 1, 33000),
(278, 228, 4, 2, 61600),
(279, 229, 1, 1, 33000),
(280, 229, 4, 2, 61600),
(281, 230, 1, 1, 33000),
(282, 230, 4, 2, 61600),
(283, 231, 1, 1, 33000),
(284, 231, 4, 2, 61600),
(285, 232, 1, 1, 33000),
(286, 232, 4, 2, 61600),
(287, 233, 1, 1, 33000),
(288, 233, 4, 2, 61600),
(289, 234, 1, 1, 33000),
(290, 234, 4, 2, 61600),
(291, 235, 1, 1, 33000),
(292, 235, 4, 2, 61600),
(293, 236, 1, 1, 33000),
(294, 236, 4, 2, 61600),
(295, 237, 1, 1, 33000),
(296, 237, 4, 2, 61600),
(297, 238, 1, 1, 33000),
(298, 238, 4, 2, 61600),
(299, 241, 1, 1, 33000),
(300, 241, 4, 2, 61600),
(301, 242, 1, 1, 33000),
(302, 242, 4, 2, 61600),
(303, 247, 1, 1, 33000),
(304, 247, 4, 2, 61600),
(305, 258, 1, 1, 33000),
(306, 258, 4, 2, 61600),
(307, 262, 1, 1, 33000),
(308, 262, 4, 2, 61600),
(309, 263, 1, 1, 33000),
(310, 263, 4, 2, 61600),
(311, 264, 1, 1, 33000),
(312, 264, 4, 2, 61600),
(313, 265, 1, 1, 33000),
(314, 265, 4, 2, 61600),
(315, 266, 1, 1, 33000),
(316, 266, 4, 2, 61600),
(317, 267, 1, 1, 33000),
(318, 267, 4, 2, 61600),
(319, 272, 1, 1, 33000),
(320, 272, 4, 2, 61600),
(321, 274, 1, 1, 33000),
(322, 274, 4, 2, 61600),
(323, 275, 1, 1, 33000),
(324, 275, 4, 2, 61600),
(325, 276, 1, 1, 33000),
(326, 276, 4, 2, 61600),
(327, 277, 1, 1, 33000),
(328, 277, 4, 2, 61600),
(329, 278, 1, 1, 33000),
(330, 278, 4, 2, 61600),
(331, 279, 1, 1, 33000),
(332, 279, 4, 2, 61600),
(333, 280, 1, 1, 33000),
(334, 280, 4, 2, 61600),
(335, 281, 1, 1, 33000),
(336, 281, 4, 2, 61600),
(337, 282, 1, 1, 33000),
(338, 282, 4, 2, 61600),
(339, 283, 1, 1, 33000),
(340, 283, 4, 2, 61600),
(341, 284, 1, 1, 33000),
(342, 284, 4, 2, 61600),
(343, 285, 1, 1, 33000),
(344, 285, 4, 2, 61600),
(345, 286, 1, 1, 33000),
(346, 286, 4, 2, 61600),
(347, 287, 1, 1, 33000),
(348, 287, 4, 2, 61600),
(349, 288, 1, 1, 33000),
(350, 288, 4, 2, 61600),
(351, 289, 1, 1, 33000),
(352, 289, 4, 2, 61600),
(353, 290, 1, 1, 33000),
(354, 290, 4, 2, 61600),
(355, 291, 1, 1, 33000),
(356, 291, 4, 2, 61600),
(357, 292, 1, 1, 33000),
(358, 292, 4, 2, 61600),
(359, 293, 1, 1, 33000),
(360, 293, 4, 2, 61600),
(361, 294, 1, 1, 33000),
(362, 294, 4, 2, 61600),
(363, 295, 1, 1, 33000),
(364, 295, 4, 2, 61600),
(365, 296, 1, 1, 33000),
(366, 296, 4, 2, 61600),
(367, 297, 1, 1, 33000),
(368, 297, 4, 2, 61600),
(369, 298, 1, 1, 33000),
(370, 298, 4, 2, 61600),
(371, 299, 1, 1, 33000),
(372, 299, 4, 2, 61600),
(373, 300, 1, 1, 33000),
(374, 300, 4, 2, 61600),
(375, 301, 1, 1, 33000),
(376, 301, 4, 2, 61600),
(377, 302, 1, 1, 33000),
(378, 302, 4, 2, 61600),
(379, 303, 1, 1, 33000),
(380, 303, 4, 2, 61600),
(381, 304, 1, 1, 33000),
(382, 304, 4, 2, 61600),
(383, 305, 1, 1, 33000),
(384, 305, 4, 2, 61600),
(385, 306, 1, 1, 33000),
(386, 306, 4, 2, 61600),
(387, 307, 1, 1, 33000),
(388, 307, 4, 2, 61600),
(389, 308, 1, 1, 33000),
(390, 308, 4, 2, 61600),
(391, 309, 1, 1, 33000),
(392, 309, 4, 2, 61600),
(393, 310, 1, 1, 33000),
(394, 310, 4, 2, 61600),
(395, 311, 1, 1, 33000),
(396, 311, 4, 2, 61600),
(397, 312, 1, 1, 33000),
(398, 312, 4, 2, 61600),
(399, 313, 1, 1, 33000),
(400, 313, 4, 2, 61600),
(401, 314, 1, 1, 33000),
(402, 314, 4, 2, 61600),
(403, 315, 1, 1, 33000),
(404, 315, 4, 2, 61600),
(405, 316, 1, 1, 33000),
(406, 316, 4, 2, 61600),
(407, 317, 1, 1, 33000),
(408, 317, 4, 2, 61600),
(409, 318, 1, 1, 33000),
(410, 318, 4, 2, 61600),
(411, 319, 1, 1, 33000),
(412, 319, 4, 2, 61600),
(413, 320, 1, 1, 33000),
(414, 320, 4, 2, 61600),
(415, 321, 1, 1, 33000),
(416, 321, 4, 2, 61600),
(417, 322, 1, 1, 33000),
(418, 322, 4, 2, 61600),
(419, 323, 1, 1, 33000),
(420, 323, 4, 2, 61600),
(421, 324, 1, 1, 33000),
(422, 324, 4, 2, 61600),
(423, 325, 1, 1, 33000),
(424, 325, 4, 2, 61600),
(425, 326, 1, 1, 33000),
(426, 326, 4, 2, 61600),
(427, 327, 1, 1, 33000),
(428, 327, 4, 2, 61600),
(429, 328, 1, 1, 33000),
(430, 328, 4, 2, 61600),
(431, 329, 1, 1, 33000),
(432, 329, 4, 2, 61600),
(433, 335, 1, 1, 33000),
(434, 335, 4, 2, 61600),
(435, 336, 1, 1, 33000),
(436, 336, 4, 2, 61600),
(437, 340, 1, 1, 33000),
(438, 340, 4, 2, 61600),
(439, 359, 1, 1, 33000),
(440, 359, 4, 2, 61600),
(441, 360, 1, 1, 33000),
(442, 360, 4, 2, 61600),
(443, 361, 1, 1, 33000),
(444, 361, 4, 2, 61600),
(445, 362, 1, 1, 33000),
(446, 362, 4, 2, 61600),
(447, 363, 1, 1, 33000),
(448, 363, 4, 2, 61600),
(449, 364, 1, 1, 33000),
(450, 364, 4, 2, 61600),
(451, 365, 1, 1, 33000),
(452, 365, 4, 2, 61600),
(453, 366, 1, 1, 33000),
(454, 366, 4, 2, 61600),
(455, 367, 1, 1, 33000),
(456, 367, 4, 2, 61600),
(457, 368, 1, 1, 33000),
(458, 368, 4, 2, 61600),
(459, 369, 1, 1, 33000),
(460, 369, 4, 2, 61600),
(461, 370, 1, 1, 33000),
(462, 370, 4, 2, 61600),
(463, 371, 1, 1, 33000),
(464, 371, 4, 2, 61600),
(465, 372, 1, 1, 33000),
(466, 372, 4, 2, 61600),
(467, 373, 1, 1, 33000),
(468, 373, 4, 2, 61600),
(469, 374, 1, 1, 33000),
(470, 374, 4, 2, 61600),
(471, 375, 1, 1, 33000),
(472, 375, 4, 2, 61600),
(473, 376, 1, 1, 33000),
(474, 376, 4, 2, 61600),
(475, 377, 1, 1, 33000),
(476, 377, 4, 2, 61600),
(477, 378, 1, 1, 33000),
(478, 378, 4, 2, 61600),
(479, 379, 1, 1, 33000),
(480, 379, 4, 2, 61600),
(481, 380, 1, 1, 33000),
(482, 380, 4, 2, 61600),
(483, 381, 1, 1, 33000),
(484, 381, 4, 2, 61600),
(485, 382, 1, 1, 33000),
(486, 382, 4, 2, 61600),
(487, 383, 1, 1, 33000),
(488, 383, 4, 2, 61600),
(489, 384, 1, 1, 33000),
(490, 384, 4, 2, 61600),
(491, 385, 1, 1, 33000),
(492, 385, 4, 2, 61600),
(493, 386, 1, 1, 33000),
(494, 386, 4, 2, 61600),
(495, 387, 1, 1, 33000),
(496, 387, 4, 2, 61600),
(497, 388, 1, 1, 33000),
(498, 388, 4, 2, 61600),
(499, 389, 1, 1, 33000),
(500, 389, 4, 2, 61600),
(501, 390, 1, 1, 33000),
(502, 390, 4, 2, 61600),
(503, 391, 1, 1, 33000),
(504, 391, 4, 2, 61600),
(505, 392, 1, 1, 33000),
(506, 392, 4, 2, 61600),
(507, 393, 1, 1, 33000),
(508, 393, 4, 2, 61600),
(509, 394, 1, 1, 33000),
(510, 394, 4, 2, 61600),
(511, 395, 1, 1, 33000),
(512, 395, 4, 2, 61600),
(513, 396, 1, 1, 33000),
(514, 396, 4, 2, 61600),
(515, 397, 1, 1, 33000),
(516, 397, 4, 2, 61600),
(517, 398, 1, 1, 33000),
(518, 398, 4, 2, 61600),
(519, 399, 1, 1, 33000),
(520, 399, 4, 2, 61600),
(521, 400, 1, 1, 33000),
(522, 400, 4, 2, 61600),
(523, 401, 1, 1, 33000),
(524, 401, 4, 2, 61600),
(525, 402, 1, 1, 33000),
(526, 402, 4, 2, 61600),
(527, 403, 1, 1, 33000),
(528, 403, 4, 2, 61600),
(529, 404, 1, 1, 33000),
(530, 404, 4, 2, 61600),
(531, 405, 1, 1, 33000),
(532, 405, 4, 2, 61600),
(533, 406, 1, 1, 33000),
(534, 406, 4, 2, 61600),
(535, 407, 1, 1, 33000),
(536, 407, 4, 2, 61600),
(537, 408, 1, 1, 33000),
(538, 408, 4, 2, 61600),
(539, 409, 1, 1, 33000),
(540, 409, 4, 2, 61600),
(541, 410, 1, 1, 33000),
(542, 410, 4, 2, 61600),
(543, 411, 1, 1, 33000),
(544, 411, 4, 2, 61600),
(545, 412, 1, 1, 33000),
(546, 412, 4, 2, 61600),
(547, 413, 1, 1, 33000),
(548, 413, 4, 2, 61600),
(549, 414, 1, 1, 33000),
(550, 414, 4, 2, 61600),
(551, 414, 7, 1, 36300),
(552, 415, 1, 1, 33000),
(553, 415, 4, 2, 61600),
(554, 415, 7, 1, 36300),
(555, 418, 1, 1, 33000),
(556, 418, 4, 2, 61600),
(557, 418, 7, 1, 36300),
(558, 419, 1, 1, 33000),
(559, 419, 4, 2, 61600),
(560, 419, 7, 1, 36300),
(561, 420, 1, 1, 33000),
(562, 420, 4, 2, 61600),
(563, 420, 7, 1, 36300),
(564, 421, 1, 1, 33000),
(565, 421, 4, 2, 61600),
(566, 421, 7, 1, 36300),
(567, 422, 1, 1, 33000),
(568, 422, 4, 2, 61600),
(569, 422, 7, 1, 36300),
(570, 423, 1, 1, 33000),
(571, 423, 4, 2, 61600),
(572, 423, 5, 3, 49500),
(573, 424, 1, 1, 33000),
(574, 424, 4, 2, 61600),
(575, 424, 5, 3, 49500),
(576, 425, 1, 1, 33000),
(577, 425, 4, 2, 61600),
(578, 425, 5, 3, 49500),
(579, 426, 1, 1, 33000),
(580, 426, 4, 2, 61600),
(581, 426, 5, 3, 49500),
(582, 427, 1, 1, 33000),
(583, 427, 4, 2, 61600),
(584, 427, 5, 3, 49500),
(585, 428, 1, 1, 33000),
(586, 428, 4, 2, 61600),
(587, 428, 5, 3, 49500),
(588, 429, 1, 1, 33000),
(589, 429, 4, 2, 61600),
(590, 429, 5, 3, 49500),
(591, 430, 1, 1, 33000),
(592, 430, 4, 2, 61600),
(593, 430, 5, 3, 49500),
(594, 431, 1, 1, 33000),
(595, 431, 4, 2, 61600),
(596, 431, 5, 3, 49500),
(597, 432, 1, 1, 33000),
(598, 432, 4, 2, 61600),
(599, 432, 5, 3, 49500),
(600, 433, 1, 1, 33000),
(601, 433, 4, 2, 61600),
(602, 433, 5, 3, 49500),
(603, 434, 1, 1, 33000),
(604, 434, 4, 2, 61600),
(605, 434, 5, 3, 49500),
(606, 435, 1, 1, 33000),
(607, 435, 4, 2, 61600),
(608, 435, 5, 3, 49500),
(609, 436, 1, 1, 33000),
(610, 436, 4, 2, 61600),
(611, 436, 5, 3, 49500),
(612, 437, 1, 1, 33000),
(613, 437, 4, 2, 61600),
(614, 437, 5, 3, 49500),
(615, 438, 4, 2, 61600),
(616, 438, 5, 3, 49500),
(617, 439, 1, 1, 33000),
(618, 439, 4, 2, 61600),
(619, 439, 5, 3, 49500),
(620, 440, 4, 2, 61600),
(621, 440, 5, 3, 49500),
(622, 441, 1, 1, 33000),
(623, 441, 4, 2, 61600),
(624, 441, 5, 3, 49500),
(625, 442, 1, 1, 33000),
(626, 442, 4, 2, 61600),
(627, 442, 5, 3, 49500),
(628, 443, 1, 1, 33000),
(629, 443, 4, 2, 61600),
(630, 443, 5, 3, 49500),
(631, 444, 1, 1, 33000),
(632, 444, 4, 2, 61600),
(633, 444, 5, 3, 49500),
(634, 445, 1, 1, 33000),
(635, 445, 4, 2, 61600),
(636, 445, 5, 3, 49500),
(637, 446, 1, 1, 33000),
(638, 446, 4, 2, 61600),
(639, 446, 5, 3, 49500),
(640, 447, 6, 1, 11000),
(641, 447, 5, 1, 16500),
(642, 447, 9, 1, 75900),
(643, 448, 3, 1, 66000),
(644, 448, 4, 2, 61600),
(645, 448, 7, 3, 108900),
(646, 449, 3, 1, 66000),
(647, 449, 4, 2, 61600),
(648, 449, 7, 3, 108900),
(649, 450, 3, 2, 132000),
(650, 450, 2, 4, 22000),
(651, 450, 5, 3, 49500),
(652, 451, 3, 3, 198000),
(653, 452, 3, 1, 66000),
(654, 452, 5, 4, 66000),
(655, 452, 6, 3, 33000),
(656, 453, 3, 3, 198000),
(657, 453, 2, 1, 5500),
(658, 453, 6, 2, 22000),
(659, 454, 3, 1, 66000),
(660, 454, 2, 5, 27500),
(661, 455, 3, 3, 198000),
(662, 455, 5, 3, 49500),
(663, 455, 9, 2, 151800),
(664, 456, 1, 3, 99000),
(665, 456, 3, 1, 66000),
(666, 456, 5, 2, 33000),
(667, 457, 3, 3, 198000),
(668, 457, 2, 2, 11000),
(669, 458, 3, 1, 66000),
(670, 458, 2, 1, 5500),
(671, 459, 3, 1, 66000),
(672, 459, 6, 1, 11000),
(673, 460, 1, 1, 33000),
(674, 460, 3, 1, 66000),
(675, 461, 2, 1, 5500),
(676, 461, 6, 1, 11000),
(677, 461, 8, 1, 66000),
(678, 462, 9, 3, 227700),
(679, 462, 2, 4, 22000),
(680, 462, 4, 3, 92400),
(681, 463, 1, 1, 33000),
(682, 463, 2, 3, 16500),
(683, 463, 3, 3, 198000),
(684, 464, 3, 1, 66000),
(685, 464, 2, 1, 5500),
(686, 465, 3, 1, 66000),
(687, 466, 6, 1, 11000),
(688, 467, 3, 1, 66000),
(689, 468, 3, 1, 66000),
(690, 469, 3, 4, 264000),
(691, 469, 2, 3, 16500),
(692, 469, 6, 2, 22000),
(693, 470, 6, 2, 22000),
(694, 470, 9, 3, 227700),
(695, 470, 8, 2, 132000),
(696, 471, 6, 1, 11000),
(697, 471, 8, 1, 66000),
(698, 472, 9, 2, 151800),
(699, 472, 8, 4, 264000),
(700, 472, 6, 4, 44000),
(701, 473, 1, 1, 33000),
(702, 473, 5, 3, 49500),
(703, 473, 4, 2, 61600),
(704, 474, 2, 3, 16500),
(705, 474, 6, 1, 11000),
(706, 474, 3, 4, 264000),
(707, 475, 3, 3, 198000),
(708, 475, 2, 4, 22000),
(709, 475, 6, 2, 22000),
(710, 476, 3, 1, 66000),
(711, 476, 2, 1, 5500),
(712, 476, 6, 1, 11000),
(713, 477, 6, 5, 55000),
(714, 477, 7, 3, 108900),
(715, 477, 8, 2, 132000),
(716, 477, 9, 1, 75900),
(717, 478, 6, 1, 11000),
(718, 478, 5, 1, 16500),
(719, 478, 4, 1, 30800),
(720, 479, 6, 3, 33000),
(721, 479, 5, 2, 33000),
(722, 479, 9, 4, 303600),
(723, 480, 3, 2, 132000),
(724, 480, 2, 3, 16500),
(725, 480, 8, 2, 132000),
(726, 481, 3, 3, 198000),
(727, 481, 4, 2, 61600),
(728, 481, 8, 5, 330000),
(729, 482, 8, 3, 198000),
(730, 482, 1, 3, 99000),
(731, 482, 6, 3, 33000),
(732, 483, 3, 4, 264000),
(733, 483, 6, 2, 22000),
(734, 483, 5, 4, 66000),
(735, 484, 3, 3, 198000),
(736, 484, 8, 3, 198000),
(737, 484, 9, 3, 227700),
(738, 485, 1, 3, 99000),
(739, 485, 2, 4, 22000),
(740, 485, 3, 1, 66000),
(741, 486, 6, 1, 11000),
(742, 487, 9, 3, 227700),
(743, 487, 3, 2, 132000),
(744, 488, 8, 4, 264000),
(745, 488, 9, 3, 227700),
(746, 488, 7, 2, 72600),
(747, 489, 4, 3, 92400),
(748, 489, 5, 3, 49500),
(749, 489, 9, 3, 227700),
(750, 490, 6, 2, 22000),
(751, 490, 5, 4, 66000),
(752, 490, 3, 3, 198000),
(753, 491, 8, 3, 198000),
(754, 491, 5, 4, 66000),
(755, 491, 6, 2, 22000),
(756, 491, 4, 1, 30800),
(757, 492, 2, 3, 16500),
(758, 492, 6, 3, 33000),
(759, 492, 3, 3, 198000),
(760, 493, 9, 5, 379500),
(761, 493, 8, 4, 264000),
(762, 493, 1, 4, 132000),
(763, 493, 3, 4, 264000),
(764, 494, 1, 1, 33000),
(765, 494, 4, 2, 61600),
(766, 494, 5, 3, 49500),
(767, 495, 3, 2, 132000),
(768, 495, 2, 4, 22000),
(769, 495, 6, 3, 33000),
(770, 496, 1, 1, 33000),
(771, 496, 4, 2, 61600),
(772, 496, 5, 3, 49500),
(773, 497, 1, 1, 33000),
(774, 497, 4, 2, 61600),
(775, 497, 5, 3, 49500),
(776, 498, 1, 1, 33000),
(777, 498, 4, 2, 61600),
(778, 498, 5, 3, 49500);

-- --------------------------------------------------------

--
-- Table structure for table `user`
--

CREATE TABLE `user` (
  `user_id` int(11) NOT NULL,
  `user_email` varchar(150) NOT NULL,
  `user_password` varchar(255) NOT NULL,
  `user_name` varchar(100) NOT NULL,
  `user_role` int(1) NOT NULL,
  `user_status` int(1) NOT NULL,
  `user_created_at` datetime NOT NULL,
  `user_updated_at` datetime NOT NULL
) ENGINE=InnoDB DEFAULT CHARSET=utf8mb4;

--
-- Dumping data for table `user`
--

INSERT INTO `user` (`user_id`, `user_email`, `user_password`, `user_name`, `user_role`, `user_status`, `user_created_at`, `user_updated_at`) VALUES
(1, '', '$2b$10$oR33hb8kaC9zhmhaMqCkN.kVvv9ktvroyLSkxKPZBDJpfwOMNfZoe', 'muzmi1234', 2, 1, '2020-09-01 09:54:29', '2020-09-07 14:22:37'),
(2, 'muzmi124@gmail.com', '$2b$10$DjMKjOyqTbbZFb3OhfjCSud0xRDyTGK1iSp7rhVyKczhzrHmAQeDq', 'muzmi1234', 2, 0, '2020-09-01 11:07:39', '0000-00-00 00:00:00'),
(3, 'muzmi124@gmail.com', '$2b$10$b8iDizyyPrIjQhsydUA8dOWqVJvnAYDMKkaFIXgFr5M7UC32kRiwK', 'muzmi1234', 2, 0, '2020-09-01 11:27:27', '0000-00-00 00:00:00'),
(4, 'muzmi1234@gmail.com', '$2b$10$DD71/Tf05LmKinMM6QhUPesr5NWq0sIRcxnZfgT9QCGO0Wl0FMfyS', 'muzmi123456', 1, 0, '2020-09-02 17:13:06', '0000-00-00 00:00:00'),
(5, 'muzmi12345@gmail.com', '$2b$10$DqSMUfvxUCS0w2Mm7E5U9uaKp.2yBi8HOQ3dCnmEN0I2Ax2XHvFmq', 'muzmi1234', 2, 0, '2020-09-03 07:48:13', '0000-00-00 00:00:00'),
(6, 'muzmi1@gmail.com', '$2b$10$wZl33.Mc6gu7WYw3bkVp0.uQd0h3U7JGlh19DN9/RLc3WCvUue0w6', 'muzmi1234', 2, 1, '2020-09-04 00:02:42', '2020-09-06 11:26:38'),
(7, 'muzmi1234567@gmail.com', '$2b$10$Cp2qD9hp.9ZikmojL/Ak8OmwA4dVZzyeAtkUqVnAe7OjqM82/RnBu', 'muzmi1234', 1, 1, '2020-09-04 11:29:04', '0000-00-00 00:00:00'),
(8, 'muzmi12345678@gmail.com', '$2b$10$GdA9ojHym.Ejz/yJ1MyCBe0NSE0H1xL6Wp8HWB3VzYcn8UapFlaJ2', 'muzmi1234', 2, 1, '2020-09-04 11:29:42', '0000-00-00 00:00:00'),
(9, 'muzmi12@gmail.com', '$2b$10$sbJNyQNkztb/BX3Sjip7juxGxYqW4FfLKGUxSZ4rPz1ZYJA1oaAdu', 'muzmi1234', 1, 1, '2020-09-04 18:58:33', '0000-00-00 00:00:00'),
(10, 'muzmi@gmail.com', '$2b$10$BICKaB.v6p1QJcWMrJzSUeV6YbePjhHoZVhvnt0G9vZhAe5Q1Ba06', 'muzmi1234', 2, 1, '2020-09-07 05:39:18', '2020-09-07 11:17:29'),
(11, 'muz@gmail.com', '$2b$10$G9AwtgbIp9ROCkJuOb/qge4Lig219WCbFk07L9qY8Jta5hGUHxroK', 'muzmi1234', 2, 1, '2020-09-07 11:15:36', '2020-09-07 11:18:02'),
(12, 'mu@gmail.com', '$2b$10$ud9QkBT8RoelHjqPKb5wDeICo3a2XXEaJRsDnFD32z3Y.ohJnOdcy', 'muzmi1234', 2, 0, '2020-09-07 13:12:51', '0000-00-00 00:00:00');

--
-- Indexes for dumped tables
--

--
-- Indexes for table `category`
--
ALTER TABLE `category`
  ADD PRIMARY KEY (`category_id`);

--
-- Indexes for table `history`
--
ALTER TABLE `history`
  ADD PRIMARY KEY (`history_id`);

--
-- Indexes for table `product`
--
ALTER TABLE `product`
  ADD PRIMARY KEY (`product_id`);

--
-- Indexes for table `purchase`
--
ALTER TABLE `purchase`
  ADD PRIMARY KEY (`purchase_id`);

--
-- Indexes for table `user`
--
ALTER TABLE `user`
  ADD PRIMARY KEY (`user_id`);

--
-- AUTO_INCREMENT for dumped tables
--

--
-- AUTO_INCREMENT for table `category`
--
ALTER TABLE `category`
  MODIFY `category_id` int(11) NOT NULL AUTO_INCREMENT, AUTO_INCREMENT=17;

--
-- AUTO_INCREMENT for table `history`
--
ALTER TABLE `history`
  MODIFY `history_id` int(11) NOT NULL AUTO_INCREMENT, AUTO_INCREMENT=499;

--
-- AUTO_INCREMENT for table `product`
--
ALTER TABLE `product`
  MODIFY `product_id` int(11) NOT NULL AUTO_INCREMENT, AUTO_INCREMENT=60;

--
-- AUTO_INCREMENT for table `purchase`
--
ALTER TABLE `purchase`
  MODIFY `purchase_id` int(11) NOT NULL AUTO_INCREMENT, AUTO_INCREMENT=779;

--
-- AUTO_INCREMENT for table `user`
--
ALTER TABLE `user`
  MODIFY `user_id` int(11) NOT NULL AUTO_INCREMENT, AUTO_INCREMENT=13;
COMMIT;

/*!40101 SET CHARACTER_SET_CLIENT=@OLD_CHARACTER_SET_CLIENT */;
/*!40101 SET CHARACTER_SET_RESULTS=@OLD_CHARACTER_SET_RESULTS */;
/*!40101 SET COLLATION_CONNECTION=@OLD_COLLATION_CONNECTION */;
